customer_id,nama_pelanggan,kota,telepon,tanggal_daftar
CUST-00001,Pelanggan 1,Cirebon,,2024-07-24
CUST-00002,Pelanggan 2,Lainnya,+627144683442,2024-05-08
CUST-00003,Pelanggan 3,Cirebon,089624628726,2024-07-17
CUST-00004,Pelanggan 4,Cirebon,,2024-04-11
CUST-00005,Pelanggan 5,Bandung,086188932229,2024-02-14
CUST-00006,Pelanggan 6,Sumedang,626798789493,2024-11-10
CUST-00007,Pelanggan 7,Bandung,626842806656,2024-06-12
CUST-00008,Pelanggan 8,Bandung,627992396357,2024-08-11
CUST-00009,Pelanggan 9,Bandung,088303118597,2024-05-12
CUST-00010,Pelanggan 10,Bandung,,2024-04-04
CUST-00011,Pelanggan 11,Cirebon,+625133598208,2024-08-13
CUST-00012,Pelanggan 12,Lainnya,,2024-10-08
CUST-00013,Pelanggan 13,Bandung,085812146961,2024-11-04
CUST-00014,Pelanggan 14,Sumedang,+624116471902,2024-12-25
CUST-00015,Pelanggan 15,Cirebon,087909717484,2024-08-20
CUST-00016,Pelanggan 16,Sumedang,+623371676013,2024-09-06
CUST-00017,Pelanggan 17,Cirebon,082993800802,2024-07-18
CUST-00018,Pelanggan 18,Sumedang,,2024-05-04
CUST-00019,Pelanggan 19,Sumedang,+626765843432,2024-03-27
CUST-00020,Pelanggan 20,Cirebon,625145757185,2024-05-02
CUST-00021,Pelanggan 21,Bandung,086899332004,2024-02-22
CUST-00022,Pelanggan 22,Lainnya,629319907989,2024-12-11
CUST-00023,Pelanggan 23,Sumedang,,2024-12-16
CUST-00024,Pelanggan 24,Cirebon,,2024-12-09
CUST-00025,Pelanggan 25,Lainnya,088902669961,2024-05-18
CUST-00026,Pelanggan 26,Bandung,629259418612,2024-10-27
CUST-00027,Pelanggan 27,Bandung,,2024-04-27
CUST-00028,Pelanggan 28,Sumedang,626174547775,2024-01-13
CUST-00029,Pelanggan 29,Lainnya,627222568309,2024-03-04
CUST-00030,Pelanggan 30,Bandung,627485267742,2024-02-12
CUST-00031,Pelanggan 31,Lainnya,,2024-07-09
CUST-00032,Pelanggan 32,Cirebon,623804630554,2024-07-08
CUST-00033,Pelanggan 33,Sumedang,624258802297,2024-11-24
CUST-00034,Pelanggan 34,Cirebon,628283784843,2024-01-11
CUST-00035,Pelanggan 35,Sumedang,089707578617,2024-10-26
CUST-00036,Pelanggan 36,Lainnya,625303914630,2024-08-20
CUST-00037,Pelanggan 37,Cirebon,084204514095,2024-08-09
CUST-00038,Pelanggan 38,Bandung,,2024-02-16
CUST-00039,Pelanggan 39,Bandung,,2024-01-26
CUST-00040,Pelanggan 40,Bandung,+628237364341,2024-08-08
CUST-00041,Pelanggan 41,Cirebon,,2024-07-08
CUST-00042,Pelanggan 42,Cirebon,086149277433,2024-03-04
CUST-00043,Pelanggan 43,Lainnya,+621496732524,2024-07-04
CUST-00044,Pelanggan 44,Sumedang,084453846634,2024-05-14
CUST-00045,Pelanggan 45,Cirebon,+629737158488,2024-02-26
CUST-00046,Pelanggan 46,Cirebon,085709731139,2024-08-09
CUST-00047,Pelanggan 47,Lainnya,083405657585,2024-02-15
CUST-00048,Pelanggan 48,Sumedang,,2024-05-07
CUST-00049,,Bandung,+624879596296,2024-05-05
CUST-00050,Pelanggan 50,Sumedang,+625243719029,2024-03-18
CUST-00051,Pelanggan 51,Lainnya,+621239830845,2024-05-07
CUST-00052,Pelanggan 52,Bandung,088293543220,2024-11-02
CUST-00053,,Cirebon,+623364718037,2024-02-18
CUST-00054,Pelanggan 54,Bandung,,2024-01-07
CUST-00055,Pelanggan 55,Lainnya,085231242275,2024-11-18
CUST-00056,Pelanggan 56,Sumedang,,2024-03-18
CUST-00057,Pelanggan 57,Cirebon,082082129817,2024-08-15
CUST-00058,Pelanggan 58,Cirebon,+629154225385,2024-05-21
CUST-00059,Pelanggan 59,Bandung,+624486525455,2024-07-13
CUST-00060,Pelanggan 60,Bandung,+627018084231,2024-11-02
CUST-00061,Pelanggan 61,Bandung,,2024-10-23
CUST-00062,Pelanggan 62,Bandung,084027291052,2024-02-05
CUST-00063,Pelanggan 63,Bandung,,2024-06-18
CUST-00064,Pelanggan 64,Bandung,627157220398,2024-03-26
CUST-00065,Pelanggan 65,Lainnya,627144998668,2024-07-21
CUST-00066,Pelanggan 66,Sumedang,085237067419,2024-06-01
CUST-00067,Pelanggan 67,Sumedang,,2024-09-09
CUST-00068,Pelanggan 68,Sumedang,,2024-12-26
CUST-00069,Pelanggan 69,Lainnya,+628283852377,2024-08-02
CUST-00070,Pelanggan 70,Lainnya,+627928168077,2024-11-20
CUST-00071,Pelanggan 71,Bandung,085094828862,2024-05-14
CUST-00072,Pelanggan 72,Cirebon,086671290334,2024-12-27
CUST-00073,Pelanggan 73,Cirebon,+626614416790,2024-11-11
CUST-00074,Pelanggan 74,Bandung,,2024-07-07
CUST-00075,Pelanggan 75,Lainnya,087843082967,2024-07-06
CUST-00076,Pelanggan 76,Lainnya,089169698831,2024-02-07
CUST-00077,Pelanggan 77,Bandung,+622695803072,2024-09-05
CUST-00078,Pelanggan 78,Cirebon,085949620810,2024-04-27
CUST-00079,Pelanggan 79,Cirebon,622548494951,2024-02-01
CUST-00080,Pelanggan 80,Sumedang,622644856272,2024-12-26
CUST-00081,Pelanggan 81,Bandung,+626071981352,2024-09-06
CUST-00082,Pelanggan 82,Sumedang,084915640862,2024-10-08
CUST-00083,Pelanggan 83,Sumedang,622528520668,2024-12-09
CUST-00084,Pelanggan 84,Cirebon,622370893424,2024-02-19
CUST-00085,Pelanggan 85,Bandung,,2024-08-14
CUST-00086,Pelanggan 86,Lainnya,626742190088,2024-05-21
CUST-00087,Pelanggan 87,Cirebon,626461658370,2024-06-23
CUST-00088,Pelanggan 88,Sumedang,+629452672326,2024-05-05
CUST-00089,Pelanggan 89,Bandung,083448758795,2024-02-10
CUST-00090,Pelanggan 90,Lainnya,,2024-01-18
CUST-00091,Pelanggan 91,Cirebon,629195608855,2024-06-08
CUST-00092,Pelanggan 92,Lainnya,,2024-03-07
CUST-00093,Pelanggan 93,Cirebon,621962964392,2024-11-08
CUST-00094,Pelanggan 94,Sumedang,,2024-03-07
CUST-00095,Pelanggan 95,Bandung,086736182288,2024-09-06
CUST-00096,Pelanggan 96,Sumedang,627775235606,2024-03-22
CUST-00097,Pelanggan 97,Sumedang,622112221833,2024-11-20
CUST-00098,Pelanggan 98,Lainnya,087589519939,2024-01-04
CUST-00099,Pelanggan 99,Cirebon,+628627891569,2024-03-12
CUST-00100,Pelanggan 100,Cirebon,088886768019,2024-06-22
CUST-00101,Pelanggan 101,Bandung,+621213082049,2024-06-04
CUST-00102,Pelanggan 102,Sumedang,+623839331611,2024-11-24
CUST-00103,Pelanggan 103,Cirebon,084621579551,2024-03-22
CUST-00104,Pelanggan 104,Cirebon,,2024-11-21
CUST-00105,,Sumedang,089722970384,2024-12-05
CUST-00106,Pelanggan 106,Lainnya,084378226655,2024-11-25
CUST-00107,Pelanggan 107,Lainnya,+625472507960,2024-02-21
CUST-00108,Pelanggan 108,Cirebon,+627858888044,2024-10-22
CUST-00109,Pelanggan 109,Lainnya,+627445430925,2024-07-24
CUST-00110,Pelanggan 110,Cirebon,628267972815,2024-06-04
CUST-00111,Pelanggan 111,Bandung,625770034332,2024-08-04
CUST-00112,Pelanggan 112,Lainnya,+627881981030,2024-05-23
CUST-00113,Pelanggan 113,Cirebon,,2024-03-27
CUST-00114,Pelanggan 114,Lainnya,,2024-01-12
CUST-00115,Pelanggan 115,Sumedang,087391584114,2024-03-18
CUST-00116,Pelanggan 116,Cirebon,+626136471568,2024-12-01
CUST-00117,Pelanggan 117,Bandung,629788408585,2024-07-03
CUST-00118,Pelanggan 118,Sumedang,,2024-02-12
CUST-00119,Pelanggan 119,Lainnya,629075737800,2024-07-02
CUST-00120,Pelanggan 120,Bandung,625236456676,2024-08-11
CUST-00121,Pelanggan 121,Cirebon,626735524743,2024-02-05
CUST-00122,Pelanggan 122,Bandung,085079596759,2024-11-04
CUST-00123,Pelanggan 123,Cirebon,+624606127604,2024-05-23
CUST-00124,Pelanggan 124,Lainnya,088932690123,2024-09-05
CUST-00125,Pelanggan 125,Sumedang,084537193074,2024-09-06
CUST-00126,Pelanggan 126,Bandung,,2024-07-01
CUST-00127,Pelanggan 127,Bandung,086166192906,2024-12-27
CUST-00128,Pelanggan 128,Sumedang,+629722439575,2024-07-03
CUST-00129,Pelanggan 129,Lainnya,,2024-01-19
CUST-00130,Pelanggan 130,Bandung,622497763230,2024-04-23
CUST-00131,Pelanggan 131,Bandung,+625166882892,2024-05-20
CUST-00132,Pelanggan 132,Lainnya,+625057081620,2024-03-11
CUST-00133,Pelanggan 133,Lainnya,,2024-01-21
CUST-00134,Pelanggan 134,Cirebon,+627501532631,2024-11-06
CUST-00135,Pelanggan 135,Bandung,,2024-06-11
CUST-00136,Pelanggan 136,Sumedang,625972283069,2024-02-08
CUST-00137,Pelanggan 137,Bandung,621646293568,2024-03-15
CUST-00138,Pelanggan 138,Sumedang,+629107809399,2024-04-17
CUST-00139,Pelanggan 139,Lainnya,629866190882,2024-11-15
CUST-00140,Pelanggan 140,Cirebon,082922446540,2024-12-17
CUST-00141,Pelanggan 141,Lainnya,+624008691920,2024-04-10
CUST-00142,Pelanggan 142,Cirebon,628741448053,2024-08-06
CUST-00143,Pelanggan 143,Lainnya,624605447620,2024-04-20
CUST-00144,Pelanggan 144,Bandung,,2024-02-26
CUST-00145,Pelanggan 145,Cirebon,,2024-10-23
CUST-00146,Pelanggan 146,Bandung,625768045497,2024-10-20
CUST-00147,Pelanggan 147,Cirebon,+625647906314,2024-05-19
CUST-00148,Pelanggan 148,Lainnya,629313131701,2024-09-27
CUST-00149,Pelanggan 149,Sumedang,+622770266905,2024-04-22
CUST-00150,Pelanggan 150,Lainnya,089163924061,2024-09-20
CUST-00151,Pelanggan 151,Cirebon,+621847769315,2024-11-16
CUST-00152,Pelanggan 152,Sumedang,,2024-02-18
CUST-00153,Pelanggan 153,Cirebon,623320566130,2024-12-04
CUST-00154,Pelanggan 154,Sumedang,,2024-08-23
CUST-00155,Pelanggan 155,Bandung,+625062430196,2024-09-04
CUST-00156,Pelanggan 156,Sumedang,081524057284,2024-03-05
CUST-00157,Pelanggan 157,Sumedang,087794193548,2024-03-13
CUST-00158,Pelanggan 158,Cirebon,+625484477146,2024-04-11
CUST-00159,Pelanggan 159,Lainnya,+622487246785,2024-08-19
CUST-00160,Pelanggan 160,Sumedang,+624767764114,2024-11-27
CUST-00161,Pelanggan 161,Sumedang,623554750411,2024-06-06
CUST-00162,Pelanggan 162,Sumedang,,2024-01-19
CUST-00163,Pelanggan 163,Bandung,+621939663294,2024-03-15
CUST-00164,Pelanggan 164,Sumedang,+623405135589,2024-10-27
CUST-00165,Pelanggan 165,Sumedang,622954818354,2024-07-02
CUST-00166,Pelanggan 166,Sumedang,,2024-11-17
CUST-00167,Pelanggan 167,Lainnya,625616935107,2024-02-15
CUST-00168,Pelanggan 168,Sumedang,084060178047,2024-07-08
CUST-00169,Pelanggan 169,Lainnya,085775399514,2024-07-04
CUST-00170,Pelanggan 170,Lainnya,,2024-04-10
CUST-00171,Pelanggan 171,Sumedang,,2024-11-05
CUST-00172,Pelanggan 172,Sumedang,,2024-05-21
CUST-00173,Pelanggan 173,Cirebon,+623031095605,2024-12-18
CUST-00174,Pelanggan 174,Cirebon,088633559624,2024-01-11
CUST-00175,Pelanggan 175,Cirebon,629128357822,2024-05-02
CUST-00176,Pelanggan 176,Bandung,,2024-07-05
CUST-00177,Pelanggan 177,Bandung,+622786586583,2024-11-10
CUST-00178,Pelanggan 178,Sumedang,,2024-06-24
CUST-00179,Pelanggan 179,Sumedang,623807601088,2024-02-14
CUST-00180,Pelanggan 180,Sumedang,622494787305,2024-02-08
CUST-00181,Pelanggan 181,Sumedang,+622195412810,2024-09-03
CUST-00182,Pelanggan 182,Bandung,084589743760,2024-12-13
CUST-00183,Pelanggan 183,Bandung,082374150065,2024-10-20
CUST-00184,Pelanggan 184,Lainnya,087763438676,2024-09-20
CUST-00185,Pelanggan 185,Cirebon,,2024-01-26
CUST-00186,Pelanggan 186,Lainnya,+626147340709,2024-08-04
CUST-00187,Pelanggan 187,Bandung,629875475564,2024-04-10
CUST-00188,Pelanggan 188,Sumedang,,2024-10-21
CUST-00189,Pelanggan 189,Cirebon,083769760050,2024-02-05
CUST-00190,Pelanggan 190,Bandung,088684662280,2024-02-05
CUST-00191,Pelanggan 191,Cirebon,627847840723,2024-01-06
CUST-00192,Pelanggan 192,Lainnya,,2024-10-09
CUST-00193,Pelanggan 193,Bandung,628128402180,2024-04-09
CUST-00194,Pelanggan 194,Bandung,088150383855,2024-06-03
CUST-00195,Pelanggan 195,Lainnya,,2024-09-07
CUST-00196,Pelanggan 196,Lainnya,+624033818419,2024-12-24
CUST-00197,Pelanggan 197,Sumedang,084675977420,2024-08-12
CUST-00198,,Cirebon,083710375565,2024-07-19
CUST-00199,,Bandung,,2024-10-06
CUST-00200,Pelanggan 200,Bandung,,2024-05-25
CUST-00201,Pelanggan 201,Sumedang,082709721044,2024-12-14
CUST-00202,Pelanggan 202,Bandung,+627318904266,2024-08-15
CUST-00203,Pelanggan 203,Cirebon,084870540103,2024-12-07
CUST-00204,Pelanggan 204,Bandung,627407830125,2024-03-19
CUST-00205,Pelanggan 205,Bandung,+621625567661,2024-01-23
CUST-00206,Pelanggan 206,Cirebon,,2024-10-26
CUST-00207,Pelanggan 207,Bandung,082689745059,2024-06-19
CUST-00208,Pelanggan 208,Cirebon,084223009115,2024-02-06
CUST-00209,Pelanggan 209,Lainnya,085082240678,2024-08-08
CUST-00210,Pelanggan 210,Cirebon,622558988986,2024-10-03
CUST-00211,Pelanggan 211,Bandung,,2024-06-22
CUST-00212,Pelanggan 212,Sumedang,087590102689,2024-10-22
CUST-00213,Pelanggan 213,Bandung,+622555573886,2024-06-04
CUST-00214,Pelanggan 214,Bandung,,2024-03-03
CUST-00215,Pelanggan 215,Cirebon,,2024-07-13
CUST-00216,Pelanggan 216,Sumedang,,2024-10-27
CUST-00217,Pelanggan 217,Bandung,629804706860,2024-07-20
CUST-00218,Pelanggan 218,Bandung,,2024-06-20
CUST-00219,Pelanggan 219,Lainnya,082100757832,2024-10-01
CUST-00220,Pelanggan 220,Sumedang,,2024-08-13
CUST-00221,Pelanggan 221,Cirebon,,2024-12-04
CUST-00222,Pelanggan 222,Cirebon,628366518245,2024-07-09
CUST-00223,Pelanggan 223,Cirebon,085686510050,2024-05-17
CUST-00224,Pelanggan 224,Bandung,623219573444,2024-01-09
CUST-00225,Pelanggan 225,Sumedang,,2024-10-02
CUST-00226,Pelanggan 226,Bandung,+627186990087,2024-09-03
CUST-00227,Pelanggan 227,Lainnya,084550747379,2024-12-19
CUST-00228,Pelanggan 228,Cirebon,,2024-10-25
CUST-00229,Pelanggan 229,Lainnya,625260328307,2024-03-19
CUST-00230,Pelanggan 230,Bandung,+621100069810,2024-11-07
CUST-00231,Pelanggan 231,Lainnya,082144699371,2024-12-05
CUST-00232,Pelanggan 232,Cirebon,,2024-12-18
CUST-00233,Pelanggan 233,Sumedang,+628095709097,2024-05-27
CUST-00234,Pelanggan 234,Cirebon,626914451556,2024-01-02
CUST-00235,Pelanggan 235,Bandung,+622000287319,2024-03-02
CUST-00236,Pelanggan 236,Bandung,,2024-07-13
CUST-00237,Pelanggan 237,Lainnya,,2024-07-27
CUST-00238,Pelanggan 238,Bandung,+624240516446,2024-01-07
CUST-00239,Pelanggan 239,Lainnya,+621102311410,2024-01-17
CUST-00240,Pelanggan 240,Lainnya,+621935756775,2024-09-02
CUST-00241,Pelanggan 241,Lainnya,,2024-11-06
CUST-00242,Pelanggan 242,Lainnya,+621101651013,2024-12-18
CUST-00243,Pelanggan 243,Lainnya,086712001497,2024-08-26
CUST-00244,Pelanggan 244,Cirebon,621943986902,2024-01-27
CUST-00245,Pelanggan 245,Cirebon,+626512130599,2024-01-25
CUST-00246,Pelanggan 246,Cirebon,,2024-08-25
CUST-00247,Pelanggan 247,Lainnya,,2024-08-11
CUST-00248,Pelanggan 248,Bandung,624403703900,2024-07-15
CUST-00249,Pelanggan 249,Bandung,081714116401,2024-08-26
CUST-00250,Pelanggan 250,Sumedang,629429428444,2024-08-16
CUST-00251,Pelanggan 251,Lainnya,085299187201,2024-03-09
CUST-00252,Pelanggan 252,Lainnya,084459080454,2024-11-12
CUST-00253,Pelanggan 253,Cirebon,624350666899,2024-06-08
CUST-00254,Pelanggan 254,Sumedang,+626430066008,2024-03-12
CUST-00255,Pelanggan 255,Cirebon,623130252508,2024-04-21
CUST-00256,Pelanggan 256,Bandung,085704064611,2024-09-15
CUST-00257,Pelanggan 257,Sumedang,625528091640,2024-09-23
CUST-00258,Pelanggan 258,Bandung,627846552235,2024-10-22
CUST-00259,Pelanggan 259,Cirebon,,2024-09-04
CUST-00260,Pelanggan 260,Cirebon,,2024-07-05
CUST-00261,Pelanggan 261,Lainnya,089025257296,2024-01-18
CUST-00262,Pelanggan 262,Sumedang,088873983831,2024-04-20
CUST-00263,Pelanggan 263,Lainnya,+622597209842,2024-07-05
CUST-00264,Pelanggan 264,Lainnya,+624873962769,2024-11-17
CUST-00265,Pelanggan 265,Lainnya,+623017528263,2024-11-06
CUST-00266,Pelanggan 266,Sumedang,,2024-07-26
CUST-00267,Pelanggan 267,Sumedang,082986994723,2024-05-02
CUST-00268,Pelanggan 268,Cirebon,081449634596,2024-05-18
CUST-00269,Pelanggan 269,Sumedang,+627970781484,2024-12-03
CUST-00270,Pelanggan 270,Sumedang,086926399305,2024-05-01
CUST-00271,Pelanggan 271,Sumedang,,2024-01-01
CUST-00272,Pelanggan 272,Cirebon,624446179427,2024-07-22
CUST-00273,Pelanggan 273,Sumedang,,2024-12-10
CUST-00274,Pelanggan 274,Lainnya,626561291419,2024-09-24
CUST-00275,Pelanggan 275,Sumedang,+625952564838,2024-05-14
CUST-00276,Pelanggan 276,Cirebon,+626050915153,2024-01-07
CUST-00277,Pelanggan 277,Sumedang,,2024-05-10
CUST-00278,Pelanggan 278,Bandung,628365527232,2024-06-03
CUST-00279,Pelanggan 279,Sumedang,083175341247,2024-11-27
CUST-00280,Pelanggan 280,Sumedang,628944721859,2024-10-19
CUST-00281,Pelanggan 281,Lainnya,081537697478,2024-08-19
CUST-00282,Pelanggan 282,Sumedang,+627066084031,2024-09-03
CUST-00283,Pelanggan 283,Bandung,,2024-01-09
CUST-00284,Pelanggan 284,Lainnya,082693397203,2024-05-10
CUST-00285,Pelanggan 285,Lainnya,,2024-02-03
CUST-00286,Pelanggan 286,Sumedang,+626971304315,2024-05-08
CUST-00287,Pelanggan 287,Cirebon,+621823041875,2024-07-06
CUST-00288,Pelanggan 288,Bandung,,2024-04-27
CUST-00289,Pelanggan 289,Sumedang,083105845074,2024-02-19
CUST-00290,Pelanggan 290,Bandung,,2024-04-10
CUST-00291,Pelanggan 291,Sumedang,621698234184,2024-04-02
CUST-00292,Pelanggan 292,Sumedang,+622332049902,2024-11-23
CUST-00293,Pelanggan 293,Cirebon,628779730234,2024-10-04
CUST-00294,Pelanggan 294,Cirebon,+624708538154,2024-06-02
CUST-00295,Pelanggan 295,Lainnya,+624515354694,2024-12-21
CUST-00296,Pelanggan 296,Sumedang,+626280751679,2024-11-12
CUST-00297,Pelanggan 297,Bandung,629696211191,2024-07-05
CUST-00298,Pelanggan 298,Sumedang,+623230187284,2024-09-13
CUST-00299,Pelanggan 299,Bandung,087904114566,2024-03-02
CUST-00300,Pelanggan 300,Bandung,085029889029,2024-11-07
CUST-00301,Pelanggan 301,Lainnya,+628177388933,2024-12-06
CUST-00302,Pelanggan 302,Cirebon,,2024-08-14
CUST-00303,Pelanggan 303,Bandung,088642577703,2024-06-24
CUST-00304,Pelanggan 304,Lainnya,086613225811,2024-06-25
CUST-00305,Pelanggan 305,Cirebon,,2024-02-26
CUST-00306,Pelanggan 306,Cirebon,084922861028,2024-12-23
CUST-00307,Pelanggan 307,Sumedang,086712258552,2024-05-18
CUST-00308,Pelanggan 308,Cirebon,624573146223,2024-09-20
CUST-00309,Pelanggan 309,Sumedang,,2024-01-02
CUST-00310,Pelanggan 310,Sumedang,,2024-03-15
CUST-00311,Pelanggan 311,Cirebon,,2024-01-04
CUST-00312,Pelanggan 312,Lainnya,624116184467,2024-02-24
CUST-00313,,Bandung,,2024-05-20
CUST-00314,Pelanggan 314,Sumedang,082453717860,2024-07-06
CUST-00315,Pelanggan 315,Cirebon,+627196204190,2024-01-17
CUST-00316,Pelanggan 316,Cirebon,+627638429094,2024-06-25
CUST-00317,Pelanggan 317,Lainnya,089335112771,2024-09-03
CUST-00318,Pelanggan 318,Cirebon,,2024-11-23
CUST-00319,Pelanggan 319,Sumedang,624066215674,2024-10-05
CUST-00320,Pelanggan 320,Lainnya,081513185545,2024-09-07
CUST-00321,Pelanggan 321,Lainnya,087060104333,2024-04-19
CUST-00322,Pelanggan 322,Bandung,084782272358,2024-03-14
CUST-00323,Pelanggan 323,Bandung,088161679676,2024-06-24
CUST-00324,Pelanggan 324,Cirebon,081525265085,2024-12-08
CUST-00325,Pelanggan 325,Lainnya,081663181415,2024-02-09
CUST-00326,Pelanggan 326,Cirebon,627036004841,2024-02-04
CUST-00327,Pelanggan 327,Cirebon,622218708033,2024-12-24
CUST-00328,Pelanggan 328,Lainnya,,2024-08-17
CUST-00329,Pelanggan 329,Sumedang,622238786913,2024-11-22
CUST-00330,Pelanggan 330,Lainnya,621834962214,2024-08-20
CUST-00331,Pelanggan 331,Bandung,628778774158,2024-09-17
CUST-00332,Pelanggan 332,Bandung,+621175966320,2024-08-20
CUST-00333,Pelanggan 333,Sumedang,627693311186,2024-01-11
CUST-00334,Pelanggan 334,Sumedang,+623446786262,2024-11-02
CUST-00335,Pelanggan 335,Lainnya,089689502416,2024-12-02
CUST-00336,Pelanggan 336,Cirebon,085529318093,2024-02-26
CUST-00337,Pelanggan 337,Cirebon,085770770036,2024-10-06
CUST-00338,Pelanggan 338,Cirebon,,2024-01-02
CUST-00339,Pelanggan 339,Bandung,+623299642572,2024-02-02
CUST-00340,Pelanggan 340,Sumedang,,2024-02-13
CUST-00341,,Sumedang,086749303266,2024-02-19
CUST-00342,Pelanggan 342,Sumedang,+624351230489,2024-04-04
CUST-00343,Pelanggan 343,Cirebon,089733864742,2024-03-24
CUST-00344,Pelanggan 344,Cirebon,086356018293,2024-05-05
CUST-00345,Pelanggan 345,Bandung,627953469147,2024-02-11
CUST-00346,Pelanggan 346,Lainnya,086262894484,2024-12-22
CUST-00347,Pelanggan 347,Sumedang,623561499801,2024-01-14
CUST-00348,Pelanggan 348,Sumedang,,2024-10-16
CUST-00349,Pelanggan 349,Cirebon,621908098669,2024-07-07
CUST-00350,Pelanggan 350,Sumedang,082790890278,2024-07-08
CUST-00351,Pelanggan 351,Lainnya,+628810433734,2024-12-23
CUST-00352,Pelanggan 352,Bandung,,2024-07-08
CUST-00353,Pelanggan 353,Lainnya,084267330292,2024-05-05
CUST-00354,Pelanggan 354,Bandung,084967239055,2024-12-10
CUST-00355,Pelanggan 355,Cirebon,+628617254968,2024-12-10
CUST-00356,Pelanggan 356,Sumedang,,2024-05-21
CUST-00357,Pelanggan 357,Sumedang,626002940968,2024-05-25
CUST-00358,Pelanggan 358,Cirebon,084450855860,2024-07-15
CUST-00359,Pelanggan 359,Bandung,621726216374,2024-02-08
CUST-00360,Pelanggan 360,Sumedang,,2024-10-27
CUST-00361,Pelanggan 361,Sumedang,+627154221539,2024-08-13
CUST-00362,Pelanggan 362,Cirebon,627276737251,2024-05-04
CUST-00363,Pelanggan 363,Cirebon,082603251824,2024-10-03
CUST-00364,Pelanggan 364,Bandung,+625321136732,2024-10-22
CUST-00365,Pelanggan 365,Cirebon,+627032339044,2024-03-15
CUST-00366,Pelanggan 366,Sumedang,622444645955,2024-10-26
CUST-00367,Pelanggan 367,Bandung,+628160626686,2024-12-18
CUST-00368,Pelanggan 368,Bandung,086055227334,2024-01-14
CUST-00369,Pelanggan 369,Bandung,622831090751,2024-07-23
CUST-00370,Pelanggan 370,Cirebon,084620920759,2024-07-07
CUST-00371,Pelanggan 371,Cirebon,082300528509,2024-07-04
CUST-00372,Pelanggan 372,Sumedang,085324000686,2024-03-25
CUST-00373,Pelanggan 373,Cirebon,085059151376,2024-05-07
CUST-00374,Pelanggan 374,Bandung,+625214591675,2024-01-16
CUST-00375,Pelanggan 375,Lainnya,,2024-05-25
CUST-00376,Pelanggan 376,Bandung,+621530303469,2024-12-27
CUST-00377,Pelanggan 377,Lainnya,629461692606,2024-03-19
CUST-00378,Pelanggan 378,Sumedang,+624271398489,2024-11-01
CUST-00379,Pelanggan 379,Sumedang,089309311701,2024-12-06
CUST-00380,Pelanggan 380,Sumedang,+629955475728,2024-01-03
CUST-00381,Pelanggan 381,Bandung,621695939620,2024-03-04
CUST-00382,Pelanggan 382,Sumedang,+622105796162,2024-11-03
CUST-00383,Pelanggan 383,Cirebon,+622329832701,2024-03-16
CUST-00384,Pelanggan 384,Sumedang,623527582889,2024-01-20
CUST-00385,Pelanggan 385,Cirebon,084438389154,2024-10-02
CUST-00386,Pelanggan 386,Sumedang,,2024-07-24
CUST-00387,Pelanggan 387,Cirebon,,2024-10-14
CUST-00388,Pelanggan 388,Cirebon,624733513486,2024-08-22
CUST-00389,Pelanggan 389,Bandung,086885458952,2024-06-08
CUST-00390,Pelanggan 390,Lainnya,+621063591812,2024-01-07
CUST-00391,Pelanggan 391,Sumedang,,2024-07-19
CUST-00392,Pelanggan 392,Cirebon,087144602953,2024-05-02
CUST-00393,Pelanggan 393,Cirebon,088409693270,2024-05-26
CUST-00394,Pelanggan 394,Bandung,+625410065941,2024-11-26
CUST-00395,Pelanggan 395,Sumedang,086726334853,2024-08-22
CUST-00396,Pelanggan 396,Lainnya,083346901192,2024-05-27
CUST-00397,Pelanggan 397,Bandung,+623963432500,2024-10-22
CUST-00398,Pelanggan 398,Bandung,626405321059,2024-10-18
CUST-00399,Pelanggan 399,Bandung,+627007248215,2024-04-07
CUST-00400,Pelanggan 400,Cirebon,629869587582,2024-11-05
CUST-00401,Pelanggan 401,Sumedang,,2024-01-07
CUST-00402,Pelanggan 402,Bandung,088270959630,2024-05-11
CUST-00403,Pelanggan 403,Bandung,087855116426,2024-02-17
CUST-00404,Pelanggan 404,Lainnya,623430995845,2024-11-13
CUST-00405,Pelanggan 405,Bandung,625751641958,2024-04-20
CUST-00406,Pelanggan 406,Sumedang,+622819481810,2024-04-13
CUST-00407,Pelanggan 407,Bandung,,2024-12-05
CUST-00408,Pelanggan 408,Sumedang,082423067587,2024-10-24
CUST-00409,Pelanggan 409,Lainnya,085214748886,2024-10-03
CUST-00410,Pelanggan 410,Sumedang,621288701781,2024-03-15
CUST-00411,Pelanggan 411,Lainnya,082783368808,2024-01-19
CUST-00412,Pelanggan 412,Sumedang,+628191669745,2024-09-10
CUST-00413,Pelanggan 413,Sumedang,+628629689455,2024-05-14
CUST-00414,Pelanggan 414,Lainnya,625517885230,2024-09-19
CUST-00415,Pelanggan 415,Lainnya,628085621025,2024-07-20
CUST-00416,Pelanggan 416,Cirebon,084808721055,2024-10-01
CUST-00417,Pelanggan 417,Bandung,,2024-09-06
CUST-00418,Pelanggan 418,Lainnya,,2024-12-16
CUST-00419,Pelanggan 419,Cirebon,623238297293,2024-02-16
CUST-00420,Pelanggan 420,Lainnya,,2024-08-23
CUST-00421,Pelanggan 421,Bandung,085038086189,2024-05-14
CUST-00422,Pelanggan 422,Bandung,+628532687820,2024-07-03
CUST-00423,Pelanggan 423,Sumedang,626141985267,2024-01-09
CUST-00424,Pelanggan 424,Cirebon,621860813593,2024-02-18
CUST-00425,Pelanggan 425,Bandung,,2024-01-27
CUST-00426,Pelanggan 426,Cirebon,626561590820,2024-02-10
CUST-00427,Pelanggan 427,Lainnya,,2024-02-21
CUST-00428,Pelanggan 428,Lainnya,,2024-10-01
CUST-00429,Pelanggan 429,Cirebon,+628537853052,2024-06-10
CUST-00430,Pelanggan 430,Bandung,626302381871,2024-06-25
CUST-00431,Pelanggan 431,Sumedang,623395390669,2024-11-25
CUST-00432,Pelanggan 432,Bandung,+627153474958,2024-08-01
CUST-00433,Pelanggan 433,Sumedang,085281224035,2024-04-24
CUST-00434,Pelanggan 434,Sumedang,+621698828159,2024-01-11
CUST-00435,Pelanggan 435,Lainnya,+626638549291,2024-02-03
CUST-00436,Pelanggan 436,Bandung,,2024-09-21
CUST-00437,Pelanggan 437,Cirebon,082688682475,2024-11-03
CUST-00438,Pelanggan 438,Cirebon,+624492547286,2024-04-24
CUST-00439,Pelanggan 439,Lainnya,087365842316,2024-10-21
CUST-00440,Pelanggan 440,Lainnya,+627050228912,2024-04-08
CUST-00441,Pelanggan 441,Lainnya,,2024-08-23
CUST-00442,Pelanggan 442,Sumedang,+629561560049,2024-07-10
CUST-00443,Pelanggan 443,Lainnya,+621308731033,2024-05-20
CUST-00444,Pelanggan 444,Cirebon,,2024-07-23
CUST-00445,Pelanggan 445,Cirebon,,2024-06-06
CUST-00446,Pelanggan 446,Bandung,,2024-11-12
CUST-00447,Pelanggan 447,Sumedang,,2024-05-20
CUST-00448,Pelanggan 448,Bandung,625771595447,2024-12-12
CUST-00449,Pelanggan 449,Bandung,,2024-06-22
CUST-00450,Pelanggan 450,Cirebon,627423336438,2024-03-03
CUST-00451,Pelanggan 451,Lainnya,629322856552,2024-11-03
CUST-00452,Pelanggan 452,Bandung,,2024-01-25
CUST-00453,Pelanggan 453,Lainnya,085536682721,2024-08-04
CUST-00454,Pelanggan 454,Sumedang,625865253869,2024-12-13
CUST-00455,Pelanggan 455,Sumedang,+623348541791,2024-01-21
CUST-00456,Pelanggan 456,Lainnya,+625975015885,2024-09-01
CUST-00457,Pelanggan 457,Sumedang,,2024-12-06
CUST-00458,Pelanggan 458,Lainnya,627191660037,2024-11-19
CUST-00459,Pelanggan 459,Cirebon,621061152538,2024-10-01
CUST-00460,Pelanggan 460,Cirebon,088627858466,2024-11-01
CUST-00461,Pelanggan 461,Sumedang,089361498101,2024-02-26
CUST-00462,Pelanggan 462,Cirebon,+621102364513,2024-11-26
CUST-00463,Pelanggan 463,Sumedang,,2024-09-24
CUST-00464,Pelanggan 464,Bandung,+626886558942,2024-08-26
CUST-00465,Pelanggan 465,Lainnya,,2024-06-16
CUST-00466,Pelanggan 466,Lainnya,,2024-07-17
CUST-00467,Pelanggan 467,Sumedang,624064039239,2024-05-15
CUST-00468,Pelanggan 468,Sumedang,+622886075313,2024-07-13
CUST-00469,Pelanggan 469,Sumedang,621529033774,2024-08-19
CUST-00470,Pelanggan 470,Lainnya,628818737011,2024-12-15
CUST-00471,Pelanggan 471,Bandung,+628653178848,2024-05-04
CUST-00472,Pelanggan 472,Bandung,626505124991,2024-03-15
CUST-00473,Pelanggan 473,Bandung,+625635723345,2024-11-20
CUST-00474,Pelanggan 474,Bandung,,2024-04-06
CUST-00475,Pelanggan 475,Bandung,+622939817917,2024-01-05
CUST-00476,Pelanggan 476,Bandung,,2024-11-01
CUST-00477,Pelanggan 477,Lainnya,,2024-06-03
CUST-00478,Pelanggan 478,Sumedang,088733399675,2024-09-22
CUST-00479,Pelanggan 479,Cirebon,,2024-09-08
CUST-00480,Pelanggan 480,Lainnya,,2024-09-27
CUST-00481,Pelanggan 481,Cirebon,,2024-06-13
CUST-00482,Pelanggan 482,Sumedang,627939088294,2024-03-07
CUST-00483,Pelanggan 483,Cirebon,,2024-03-12
CUST-00484,Pelanggan 484,Lainnya,083442506572,2024-03-12
CUST-00485,Pelanggan 485,Cirebon,085862574345,2024-12-13
CUST-00486,Pelanggan 486,Bandung,089740519976,2024-07-02
CUST-00487,Pelanggan 487,Cirebon,084559498796,2024-01-01
CUST-00488,Pelanggan 488,Cirebon,,2024-05-06
CUST-00489,Pelanggan 489,Lainnya,,2024-02-01
CUST-00490,Pelanggan 490,Sumedang,,2024-09-06
CUST-00491,Pelanggan 491,Lainnya,+627984046349,2024-02-24
CUST-00492,Pelanggan 492,Bandung,629154905359,2024-06-18
CUST-00493,Pelanggan 493,Bandung,+626732480494,2024-10-10
CUST-00494,Pelanggan 494,Lainnya,+626292403930,2024-10-24
CUST-00495,Pelanggan 495,Lainnya,086407040249,2024-04-11
CUST-00496,Pelanggan 496,Bandung,084761440009,2024-09-24
CUST-00497,Pelanggan 497,Lainnya,626014672771,2024-08-07
CUST-00498,Pelanggan 498,Bandung,,2024-01-12
CUST-00499,Pelanggan 499,Bandung,+626354644713,2024-01-25
CUST-00500,Pelanggan 500,Cirebon,+622402188565,2024-09-21
CUST-00501,Pelanggan 501,Bandung,+627167672009,2024-09-25
CUST-00502,Pelanggan 502,Lainnya,625910622630,2024-01-12
CUST-00503,Pelanggan 503,Bandung,+627131244013,2024-11-19
CUST-00504,Pelanggan 504,Cirebon,,2024-12-09
CUST-00505,Pelanggan 505,Sumedang,,2024-02-10
CUST-00506,Pelanggan 506,Bandung,083882949659,2024-11-06
CUST-00507,Pelanggan 507,Lainnya,083346756648,2024-11-13
CUST-00508,Pelanggan 508,Lainnya,628505186783,2024-04-04
CUST-00509,Pelanggan 509,Lainnya,+624954802753,2024-11-22
CUST-00510,Pelanggan 510,Cirebon,+629265961226,2024-12-22
CUST-00511,Pelanggan 511,Bandung,,2024-01-08
CUST-00512,Pelanggan 512,Cirebon,622963663544,2024-12-18
CUST-00513,Pelanggan 513,Bandung,,2024-11-26
CUST-00514,Pelanggan 514,Sumedang,081931723269,2024-01-25
CUST-00515,Pelanggan 515,Lainnya,+625856261905,2024-09-23
CUST-00516,Pelanggan 516,Bandung,,2024-07-21
CUST-00517,Pelanggan 517,Sumedang,625139273429,2024-05-16
CUST-00518,Pelanggan 518,Sumedang,085699985940,2024-06-25
CUST-00519,Pelanggan 519,Cirebon,,2024-06-09
CUST-00520,Pelanggan 520,Bandung,,2024-01-15
CUST-00521,Pelanggan 521,Sumedang,,2024-10-19
CUST-00522,Pelanggan 522,Sumedang,085418425136,2024-10-12
CUST-00523,Pelanggan 523,Sumedang,,2024-04-07
CUST-00524,Pelanggan 524,Sumedang,085616423241,2024-04-05
CUST-00525,Pelanggan 525,Cirebon,622520841768,2024-04-24
CUST-00526,Pelanggan 526,Bandung,623956589360,2024-06-27
CUST-00527,Pelanggan 527,Lainnya,,2024-07-26
CUST-00528,Pelanggan 528,Bandung,,2024-03-21
CUST-00529,Pelanggan 529,Sumedang,623935427366,2024-12-11
CUST-00530,Pelanggan 530,Sumedang,,2024-11-06
CUST-00531,Pelanggan 531,Bandung,+628806423956,2024-03-26
CUST-00532,Pelanggan 532,Bandung,+629173250899,2024-05-03
CUST-00533,Pelanggan 533,Sumedang,+629750674344,2024-06-13
CUST-00534,Pelanggan 534,Cirebon,+623550524552,2024-05-21
CUST-00535,Pelanggan 535,Cirebon,627493474364,2024-01-06
CUST-00536,Pelanggan 536,Lainnya,+627578409358,2024-04-24
CUST-00537,Pelanggan 537,Sumedang,,2024-01-27
CUST-00538,Pelanggan 538,Lainnya,,2024-03-27
CUST-00539,Pelanggan 539,Cirebon,+621013682031,2024-08-07
CUST-00540,Pelanggan 540,Lainnya,+622750917724,2024-12-14
CUST-00541,Pelanggan 541,Sumedang,+621780152615,2024-06-20
CUST-00542,Pelanggan 542,Lainnya,+624106831832,2024-08-08
CUST-00543,Pelanggan 543,Sumedang,626235992831,2024-12-11
CUST-00544,Pelanggan 544,Bandung,629385257313,2024-12-18
CUST-00545,Pelanggan 545,Lainnya,081752495619,2024-09-17
CUST-00546,Pelanggan 546,Lainnya,087405436107,2024-03-13
CUST-00547,Pelanggan 547,Cirebon,,2024-06-17
CUST-00548,Pelanggan 548,Bandung,627330269023,2024-11-05
CUST-00549,Pelanggan 549,Sumedang,+628472643853,2024-10-08
CUST-00550,Pelanggan 550,Lainnya,084234147456,2024-06-17
CUST-00551,Pelanggan 551,Sumedang,081841959577,2024-12-23
CUST-00552,Pelanggan 552,Cirebon,+623895014451,2024-11-24
CUST-00553,Pelanggan 553,Cirebon,,2024-04-16
CUST-00554,Pelanggan 554,Cirebon,087606917729,2024-04-19
CUST-00555,Pelanggan 555,Sumedang,625835910619,2024-01-25
CUST-00556,Pelanggan 556,Cirebon,085482960227,2024-05-22
CUST-00557,Pelanggan 557,Sumedang,+626595484985,2024-08-27
CUST-00558,Pelanggan 558,Bandung,+623843824294,2024-02-24
CUST-00559,Pelanggan 559,Cirebon,081467926052,2024-08-01
CUST-00560,Pelanggan 560,Lainnya,+621987403423,2024-02-14
CUST-00561,Pelanggan 561,Sumedang,625995668972,2024-03-18
CUST-00562,Pelanggan 562,Sumedang,+628815599022,2024-05-07
CUST-00563,Pelanggan 563,Lainnya,+622860222100,2024-09-05
CUST-00564,Pelanggan 564,Cirebon,+622659364447,2024-12-22
CUST-00565,Pelanggan 565,Lainnya,,2024-05-22
CUST-00566,Pelanggan 566,Lainnya,083724120414,2024-12-23
CUST-00567,Pelanggan 567,Bandung,+623463370709,2024-07-05
CUST-00568,Pelanggan 568,Sumedang,624895433937,2024-05-20
CUST-00569,Pelanggan 569,Bandung,+625692357405,2024-08-04
CUST-00570,Pelanggan 570,Bandung,081545476613,2024-03-23
CUST-00571,Pelanggan 571,Cirebon,,2024-09-27
CUST-00572,Pelanggan 572,Lainnya,+621113256306,2024-05-22
CUST-00573,Pelanggan 573,Lainnya,086547725531,2024-04-07
CUST-00574,Pelanggan 574,Cirebon,+629831570280,2024-12-19
CUST-00575,Pelanggan 575,Cirebon,,2024-03-24
CUST-00576,Pelanggan 576,Bandung,626586102362,2024-04-17
CUST-00577,Pelanggan 577,Lainnya,088338743393,2024-03-17
CUST-00578,Pelanggan 578,Lainnya,,2024-07-01
CUST-00579,Pelanggan 579,Cirebon,,2024-10-22
CUST-00580,Pelanggan 580,Sumedang,+627489635470,2024-01-01
CUST-00581,Pelanggan 581,Lainnya,+624065206983,2024-12-14
CUST-00582,Pelanggan 582,Bandung,621885901121,2024-02-05
CUST-00583,Pelanggan 583,Bandung,084977868984,2024-12-25
CUST-00584,Pelanggan 584,Lainnya,+626499496083,2024-10-18
CUST-00585,Pelanggan 585,Sumedang,085414335830,2024-10-27
CUST-00586,Pelanggan 586,Bandung,,2024-12-11
CUST-00587,Pelanggan 587,Bandung,086236880877,2024-10-22
CUST-00588,Pelanggan 588,Bandung,629184939155,2024-07-09
CUST-00589,Pelanggan 589,Bandung,624304900511,2024-05-02
CUST-00590,Pelanggan 590,Lainnya,+628965738681,2024-05-25
CUST-00591,Pelanggan 591,Cirebon,,2024-09-21
CUST-00592,Pelanggan 592,Sumedang,086141202461,2024-02-18
CUST-00593,Pelanggan 593,Sumedang,628534194589,2024-02-14
CUST-00594,Pelanggan 594,Cirebon,626692109293,2024-07-03
CUST-00595,Pelanggan 595,Bandung,,2024-05-24
CUST-00596,Pelanggan 596,Bandung,621602605724,2024-04-04
CUST-00597,Pelanggan 597,Cirebon,085074538527,2024-02-19
CUST-00598,Pelanggan 598,Lainnya,,2024-02-19
CUST-00599,Pelanggan 599,Cirebon,085543546114,2024-03-22
CUST-00600,Pelanggan 600,Cirebon,625170224634,2024-09-24
CUST-00601,Pelanggan 601,Lainnya,,2024-09-01
CUST-00602,Pelanggan 602,Lainnya,628325632870,2024-03-27
CUST-00603,Pelanggan 603,Cirebon,,2024-06-17
CUST-00604,Pelanggan 604,Bandung,087762304139,2024-10-20
CUST-00605,Pelanggan 605,Lainnya,+621960865232,2024-11-07
CUST-00606,Pelanggan 606,Lainnya,622051493672,2024-01-23
CUST-00607,Pelanggan 607,Cirebon,089437200951,2024-06-22
CUST-00608,Pelanggan 608,Bandung,+621125233186,2024-06-23
CUST-00609,Pelanggan 609,Cirebon,621099181421,2024-08-26
CUST-00610,Pelanggan 610,Lainnya,089853892175,2024-07-16
CUST-00611,Pelanggan 611,Cirebon,081756587348,2024-10-18
CUST-00612,Pelanggan 612,Cirebon,,2024-04-27
CUST-00613,Pelanggan 613,Cirebon,,2024-11-19
CUST-00614,,Cirebon,,2024-11-08
CUST-00615,Pelanggan 615,Sumedang,,2024-08-17
CUST-00616,Pelanggan 616,Sumedang,,2024-04-20
CUST-00617,Pelanggan 617,Cirebon,,2024-06-18
CUST-00618,Pelanggan 618,Lainnya,625791912266,2024-08-08
CUST-00619,Pelanggan 619,Bandung,081352539064,2024-05-11
CUST-00620,Pelanggan 620,Sumedang,+626830894272,2024-08-14
CUST-00621,Pelanggan 621,Sumedang,+623251319301,2024-03-06
CUST-00622,Pelanggan 622,Lainnya,626063621088,2024-03-19
CUST-00623,Pelanggan 623,Sumedang,+622486706340,2024-12-21
CUST-00624,Pelanggan 624,Lainnya,621842759874,2024-01-11
CUST-00625,Pelanggan 625,Lainnya,623593426310,2024-03-01
CUST-00626,Pelanggan 626,Bandung,+624560369859,2024-11-20
CUST-00627,Pelanggan 627,Bandung,624015334165,2024-12-16
CUST-00628,Pelanggan 628,Bandung,,2024-08-17
CUST-00629,Pelanggan 629,Cirebon,+627741065745,2024-11-14
CUST-00630,Pelanggan 630,Bandung,+626001643459,2024-05-14
CUST-00631,Pelanggan 631,Cirebon,,2024-03-24
CUST-00632,Pelanggan 632,Bandung,,2024-06-11
CUST-00633,Pelanggan 633,Bandung,083059035529,2024-09-26
CUST-00634,Pelanggan 634,Sumedang,,2024-07-20
CUST-00635,Pelanggan 635,Sumedang,,2024-03-24
CUST-00636,Pelanggan 636,Lainnya,082861310791,2024-03-07
CUST-00637,Pelanggan 637,Cirebon,+627428976342,2024-12-03
CUST-00638,Pelanggan 638,Cirebon,,2024-07-08
CUST-00639,Pelanggan 639,Bandung,629269659957,2024-02-21
CUST-00640,Pelanggan 640,Sumedang,626561167958,2024-11-02
CUST-00641,Pelanggan 641,Bandung,629377478334,2024-01-04
CUST-00642,Pelanggan 642,Cirebon,,2024-07-23
CUST-00643,Pelanggan 643,Bandung,+626997574355,2024-06-02
CUST-00644,Pelanggan 644,Sumedang,+623808339948,2024-10-15
CUST-00645,Pelanggan 645,Sumedang,622539701799,2024-12-09
CUST-00646,Pelanggan 646,Sumedang,621483641925,2024-07-05
CUST-00647,Pelanggan 647,Lainnya,+627366348176,2024-10-18
CUST-00648,Pelanggan 648,Cirebon,+625355802623,2024-01-04
CUST-00649,Pelanggan 649,Cirebon,+629261784591,2024-09-17
CUST-00650,Pelanggan 650,Bandung,086194550558,2024-02-20
CUST-00651,Pelanggan 651,Cirebon,,2024-04-24
CUST-00652,Pelanggan 652,Bandung,083982951564,2024-05-12
CUST-00653,,Bandung,+629653535126,2024-08-02
CUST-00654,Pelanggan 654,Sumedang,+627128842292,2024-02-24
CUST-00655,Pelanggan 655,Bandung,,2024-07-16
CUST-00656,Pelanggan 656,Bandung,,2024-11-03
CUST-00657,Pelanggan 657,Bandung,623252803922,2024-03-18
CUST-00658,Pelanggan 658,Lainnya,+627658864208,2024-12-17
CUST-00659,Pelanggan 659,Sumedang,+626600852269,2024-10-27
CUST-00660,Pelanggan 660,Bandung,+623739636565,2024-03-16
CUST-00661,Pelanggan 661,Cirebon,,2024-11-10
CUST-00662,Pelanggan 662,Cirebon,623570851876,2024-06-21
CUST-00663,Pelanggan 663,Sumedang,+625543065808,2024-05-10
CUST-00664,Pelanggan 664,Cirebon,625935130682,2024-02-06
CUST-00665,Pelanggan 665,Sumedang,086493153281,2024-08-07
CUST-00666,Pelanggan 666,Cirebon,,2024-08-20
CUST-00667,Pelanggan 667,Sumedang,088976350292,2024-06-14
CUST-00668,Pelanggan 668,Sumedang,081498692403,2024-03-07
CUST-00669,Pelanggan 669,Bandung,+627528731871,2024-10-27
CUST-00670,Pelanggan 670,Sumedang,082294537036,2024-07-02
CUST-00671,Pelanggan 671,Cirebon,+623237714260,2024-01-18
CUST-00672,Pelanggan 672,Bandung,,2024-06-02
CUST-00673,Pelanggan 673,Bandung,622970291698,2024-01-16
CUST-00674,Pelanggan 674,Sumedang,084241293044,2024-03-11
CUST-00675,Pelanggan 675,Sumedang,,2024-05-06
CUST-00676,Pelanggan 676,Lainnya,,2024-08-09
CUST-00677,Pelanggan 677,Lainnya,,2024-02-24
CUST-00678,Pelanggan 678,Lainnya,622471307828,2024-10-06
CUST-00679,Pelanggan 679,Sumedang,083336301661,2024-05-02
CUST-00680,Pelanggan 680,Sumedang,+623726899994,2024-09-16
CUST-00681,Pelanggan 681,Bandung,,2024-11-17
CUST-00682,Pelanggan 682,Lainnya,083065175371,2024-09-12
CUST-00683,Pelanggan 683,Lainnya,+626741042802,2024-03-23
CUST-00684,Pelanggan 684,Sumedang,089947893722,2024-03-16
CUST-00685,Pelanggan 685,Sumedang,084959757416,2024-09-23
CUST-00686,Pelanggan 686,Bandung,083576635439,2024-06-16
CUST-00687,Pelanggan 687,Cirebon,624908834107,2024-01-11
CUST-00688,Pelanggan 688,Sumedang,+624802700104,2024-08-19
CUST-00689,Pelanggan 689,Cirebon,623279627969,2024-08-26
CUST-00690,Pelanggan 690,Cirebon,087487565518,2024-04-01
CUST-00691,Pelanggan 691,Bandung,089406367686,2024-10-22
CUST-00692,Pelanggan 692,Cirebon,087240758892,2024-08-02
CUST-00693,Pelanggan 693,Lainnya,624343026729,2024-07-09
CUST-00694,Pelanggan 694,Bandung,,2024-06-10
CUST-00695,Pelanggan 695,Bandung,+625755629482,2024-05-08
CUST-00696,Pelanggan 696,Sumedang,627180195670,2024-09-19
CUST-00697,Pelanggan 697,Lainnya,,2024-11-21
CUST-00698,Pelanggan 698,Bandung,628838446858,2024-12-11
CUST-00699,Pelanggan 699,Lainnya,622420299631,2024-02-21
CUST-00700,Pelanggan 700,Bandung,623328814889,2024-02-07
CUST-00701,Pelanggan 701,Cirebon,+626289497319,2024-08-21
CUST-00702,Pelanggan 702,Lainnya,,2024-01-08
CUST-00703,Pelanggan 703,Sumedang,+626796870757,2024-08-05
CUST-00704,Pelanggan 704,Lainnya,628428184178,2024-12-19
CUST-00705,Pelanggan 705,Bandung,,2024-09-04
CUST-00706,Pelanggan 706,Cirebon,,2024-07-07
CUST-00707,Pelanggan 707,Lainnya,082873457950,2024-01-09
CUST-00708,Pelanggan 708,Sumedang,,2024-02-18
CUST-00709,Pelanggan 709,Cirebon,085845145677,2024-12-21
CUST-00710,Pelanggan 710,Bandung,+627387310301,2024-07-11
CUST-00711,Pelanggan 711,Lainnya,087551114597,2024-09-17
CUST-00712,Pelanggan 712,Sumedang,081309367985,2024-11-04
CUST-00713,Pelanggan 713,Sumedang,088947199136,2024-12-05
CUST-00714,Pelanggan 714,Cirebon,+621567657138,2024-12-27
CUST-00715,Pelanggan 715,Lainnya,+622951033478,2024-02-13
CUST-00716,Pelanggan 716,Bandung,,2024-01-23
CUST-00717,Pelanggan 717,Lainnya,,2024-10-14
CUST-00718,Pelanggan 718,Bandung,623213982738,2024-02-08
CUST-00719,Pelanggan 719,Lainnya,628090817601,2024-02-21
CUST-00720,Pelanggan 720,Bandung,,2024-06-04
CUST-00721,Pelanggan 721,Lainnya,+622132786220,2024-10-23
CUST-00722,Pelanggan 722,Cirebon,+621713951880,2024-09-04
CUST-00723,Pelanggan 723,Sumedang,+624996264555,2024-02-02
CUST-00724,Pelanggan 724,Cirebon,+623816595740,2024-03-11
CUST-00725,Pelanggan 725,Sumedang,,2024-07-05
CUST-00726,Pelanggan 726,Cirebon,623419800140,2024-10-10
CUST-00727,Pelanggan 727,Sumedang,625953842527,2024-10-21
CUST-00728,Pelanggan 728,Lainnya,+626239389371,2024-05-01
CUST-00729,Pelanggan 729,Bandung,,2024-09-22
CUST-00730,Pelanggan 730,Bandung,+624632443977,2024-04-25
CUST-00731,Pelanggan 731,Lainnya,,2024-08-27
CUST-00732,Pelanggan 732,Lainnya,+624882368079,2024-05-20
CUST-00733,Pelanggan 733,Lainnya,+626362691886,2024-02-08
CUST-00734,Pelanggan 734,Sumedang,+629636716240,2024-02-10
CUST-00735,Pelanggan 735,Bandung,082475616982,2024-05-17
CUST-00736,Pelanggan 736,Cirebon,621998482421,2024-02-06
CUST-00737,Pelanggan 737,Bandung,629688293578,2024-12-27
CUST-00738,Pelanggan 738,Sumedang,087551847058,2024-06-17
CUST-00739,Pelanggan 739,Bandung,+623900599288,2024-01-19
CUST-00740,Pelanggan 740,Bandung,085722562536,2024-02-10
CUST-00741,Pelanggan 741,Sumedang,,2024-06-10
CUST-00742,Pelanggan 742,Bandung,+627382163039,2024-11-19
CUST-00743,Pelanggan 743,Sumedang,+623041921822,2024-03-24
CUST-00744,Pelanggan 744,Cirebon,086579039273,2024-10-13
CUST-00745,Pelanggan 745,Cirebon,+629387695038,2024-08-10
CUST-00746,Pelanggan 746,Sumedang,089987483664,2024-11-09
CUST-00747,Pelanggan 747,Cirebon,629794647477,2024-05-14
CUST-00748,Pelanggan 748,Sumedang,625042385108,2024-02-26
CUST-00749,Pelanggan 749,Sumedang,081713978466,2024-03-11
CUST-00750,Pelanggan 750,Lainnya,,2024-07-19
CUST-00751,Pelanggan 751,Sumedang,625147653197,2024-01-02
CUST-00752,Pelanggan 752,Sumedang,,2024-02-06
CUST-00753,Pelanggan 753,Bandung,,2024-09-21
CUST-00754,Pelanggan 754,Bandung,,2024-03-21
CUST-00755,Pelanggan 755,Lainnya,,2024-08-18
CUST-00756,Pelanggan 756,Sumedang,,2024-12-27
CUST-00757,Pelanggan 757,Cirebon,084958991613,2024-12-16
CUST-00758,Pelanggan 758,Lainnya,625195866575,2024-06-02
CUST-00759,Pelanggan 759,Sumedang,,2024-09-15
CUST-00760,Pelanggan 760,Cirebon,,2024-07-22
CUST-00761,Pelanggan 761,Sumedang,+623268919760,2024-10-13
CUST-00762,Pelanggan 762,Lainnya,626191984149,2024-01-18
CUST-00763,Pelanggan 763,Lainnya,081218601164,2024-01-15
CUST-00764,Pelanggan 764,Sumedang,,2024-10-07
CUST-00765,Pelanggan 765,Cirebon,629344998874,2024-03-22
CUST-00766,Pelanggan 766,Sumedang,627510032894,2024-12-13
CUST-00767,Pelanggan 767,Lainnya,086199431091,2024-08-10
CUST-00768,Pelanggan 768,Sumedang,+623327811440,2024-10-02
CUST-00769,Pelanggan 769,Bandung,629534305550,2024-09-15
CUST-00770,Pelanggan 770,Sumedang,082330508287,2024-11-06
CUST-00771,Pelanggan 771,Bandung,088052936976,2024-09-03
CUST-00772,Pelanggan 772,Cirebon,+625846918667,2024-08-13
CUST-00773,Pelanggan 773,Lainnya,,2024-10-02
CUST-00774,Pelanggan 774,Lainnya,+622795737647,2024-06-08
CUST-00775,Pelanggan 775,Bandung,086143711377,2024-10-11
CUST-00776,Pelanggan 776,Bandung,,2024-04-08
CUST-00777,Pelanggan 777,Cirebon,,2024-05-14
CUST-00778,Pelanggan 778,Cirebon,,2024-07-14
CUST-00779,Pelanggan 779,Lainnya,623265522232,2024-03-27
CUST-00780,Pelanggan 780,Bandung,,2024-06-27
CUST-00781,Pelanggan 781,Cirebon,+627905876386,2024-10-15
CUST-00782,Pelanggan 782,Lainnya,,2024-03-23
CUST-00783,Pelanggan 783,Bandung,082916730153,2024-05-08
CUST-00784,Pelanggan 784,Sumedang,+622731730768,2024-10-09
CUST-00785,Pelanggan 785,Sumedang,084275829072,2024-03-23
CUST-00786,Pelanggan 786,Cirebon,,2024-10-13
CUST-00787,Pelanggan 787,Cirebon,+627617700574,2024-06-08
CUST-00788,Pelanggan 788,Cirebon,621912565983,2024-06-27
CUST-00789,Pelanggan 789,Sumedang,081537472917,2024-10-08
CUST-00790,Pelanggan 790,Sumedang,+625022590140,2024-08-26
CUST-00791,Pelanggan 791,Lainnya,081919648093,2024-07-26
CUST-00792,Pelanggan 792,Sumedang,,2024-06-26
CUST-00793,Pelanggan 793,Bandung,+622303800132,2024-08-14
CUST-00794,Pelanggan 794,Lainnya,,2024-01-05
CUST-00795,Pelanggan 795,Lainnya,089762483799,2024-10-23
CUST-00796,Pelanggan 796,Cirebon,624308402755,2024-11-23
CUST-00797,Pelanggan 797,Lainnya,088711305986,2024-06-27
CUST-00798,,Lainnya,621942850860,2024-10-08
CUST-00799,Pelanggan 799,Bandung,622175804439,2024-09-09
CUST-00800,Pelanggan 800,Sumedang,088467689906,2024-12-09
